"year","nPos","nNeg","nTotal","propPos"
2004,0,21,21,0
2005,0,17,17,0
2007,20,16,36,0.555555555555556
2008,8,6,14,0.571428571428571
2009,26,33,59,0.440677966101695
2010,9,0,9,1
