"year","nPos","nNeg","nTotal","propPos"
2004,0,20,20,0
2008,2,51,53,0.0377358490566038
2010,4,59,63,0.0634920634920635
