"year","nPos","nNeg","nTotal","propPos"
2004,0,108,108,0
2005,0,175,175,0
2006,8,15,23,0.347826086956522
2007,22,64,86,0.255813953488372
2008,32,23,55,0.581818181818182
2009,53,28,81,0.654320987654321
2010,72,23,95,0.757894736842105
