"year","nPos","nNeg","nTotal","propPos"
2004,0,38,38,0
2005,0,38,38,0
2006,2,19,21,0.0952380952380952
2007,7,12,19,0.368421052631579
2008,7,37,44,0.159090909090909
2009,14,23,37,0.378378378378378
2010,28,27,55,0.509090909090909
