"year","nPos","nNeg","nTotal","propPos"
2004,0,67,67,0
2005,9,20,29,0.310344827586207
2006,30,48,78,0.384615384615385
2007,35,20,55,0.636363636363636
2008,29,19,48,0.604166666666667
2009,44,17,61,0.721311475409836
2010,70,26,96,0.729166666666667
