"year","nPos","nNeg","nTotal","propPos"
2004,0,45,45,0
2005,2,11,13,0.153846153846154
2006,13,9,22,0.590909090909091
2007,10,9,19,0.526315789473684
2008,20,5,25,0.8
2009,52,8,60,0.866666666666667
2010,63,10,73,0.863013698630137
