"year","nPos","nNeg","nTotal","propPos"
2004,0,29,29,0
2007,11,3,14,0.785714285714286
2008,11,3,14,0.785714285714286
2009,23,2,25,0.92
2010,30,8,38,0.789473684210526
