"year","nPos","nNeg","nTotal","propPos"
2004,0,27,27,0
2005,0,41,41,0
2007,16,5,21,0.761904761904762
2008,13,29,42,0.30952380952381
2009,8,1,9,0.888888888888889
2010,16,20,36,0.444444444444444
