"year","nPos","nNeg","nTotal","propPos"
2004,0,20,20,0
2005,0,31,31,0
2007,2,0,2,1
2008,4,27,31,0.129032258064516
2009,4,39,43,0.0930232558139535
2010,10,30,40,0.25
