"year","nPos","nNeg","nTotal","propPos"
2004,0,21,21,0
2005,0,17,17,0
2007,0,36,36,0
2008,0,14,14,0
2009,9,50,59,0.152542372881356
2010,4,5,9,0.444444444444444
