"year","nPos","nNeg","nTotal","propPos"
2004,0,45,45,0
2005,1,12,13,0.0769230769230769
2006,0,22,22,0
2007,0,19,19,0
2008,7,18,25,0.28
2009,17,43,60,0.283333333333333
2010,34,39,73,0.465753424657534
