"year","nPos","nNeg","nTotal","propPos"
2004,0,67,67,0
2005,1,28,29,0.0344827586206897
2006,1,77,78,0.0128205128205128
2007,1,54,55,0.0181818181818182
2008,0,48,48,0
2009,6,55,61,0.0983606557377049
2010,11,85,96,0.114583333333333
