"year","nPos","nNeg","nTotal","propPos"
2004,0,67,67,0
2005,1,28,29,0.0344827586206897
2006,0,78,78,0
2007,1,54,55,0.0181818181818182
2008,0,48,48,0
2009,3,58,61,0.0491803278688525
2010,5,91,96,0.0520833333333333
