"year","nPos","nNeg","nTotal","propPos"
2004,0,45,45,0
2005,1,12,13,0.0769230769230769
2006,0,22,22,0
2007,0,19,19,0
2008,0,25,25,0
2009,6,54,60,0.1
2010,23,50,73,0.315068493150685
