"year","nPos","nNeg","nTotal","propPos"
2004,0,44,44,0
2008,10,17,27,0.37037037037037
2010,25,23,48,0.520833333333333
