"year","nPos","nNeg","nTotal","propPos"
2004,0,27,27,0
2005,0,41,41,0
2007,18,3,21,0.857142857142857
2008,13,29,42,0.30952380952381
2009,7,2,9,0.777777777777778
2010,14,22,36,0.388888888888889
