"year","nPos","nNeg","nTotal","propPos"
2004,0,67,67,0
2005,9,20,29,0.310344827586207
2006,36,42,78,0.461538461538462
2007,43,12,55,0.781818181818182
2008,28,20,48,0.583333333333333
2009,45,16,61,0.737704918032787
2010,67,29,96,0.697916666666667
