"year","nPos","nNeg","nTotal","propPos"
2004,0,29,29,0
2007,10,4,14,0.714285714285714
2008,12,2,14,0.857142857142857
2009,22,3,25,0.88
2010,34,4,38,0.894736842105263
