"year","nPos","nNeg","nTotal","propPos"
2004,0,45,45,0
2005,2,11,13,0.153846153846154
2006,15,7,22,0.681818181818182
2007,12,7,19,0.631578947368421
2008,19,6,25,0.76
2009,48,12,60,0.8
2010,63,10,73,0.863013698630137
