"year","nPos","nNeg","nTotal","propPos"
2004,0,21,21,0
2005,0,17,17,0
2007,20,16,36,0.555555555555556
2008,11,3,14,0.785714285714286
2009,35,24,59,0.593220338983051
2010,6,3,9,0.666666666666667
