"year","nPos","nNeg","nTotal","propPos"
2004,0,38,38,0
2005,0,38,38,0
2006,3,18,21,0.142857142857143
2007,10,9,19,0.526315789473684
2008,14,30,44,0.318181818181818
2009,19,18,37,0.513513513513513
2010,26,29,55,0.472727272727273
