"year","nPos","nNeg","nTotal","propPos"
2004,0,108,108,0
2005,0,175,175,0
2006,13,10,23,0.565217391304348
2007,18,68,86,0.209302325581395
2008,37,18,55,0.672727272727273
2009,48,33,81,0.592592592592593
2010,73,22,95,0.768421052631579
