"year","nPos","nNeg","nTotal","propPos"
2004,0,45,45,0
2005,2,11,13,0.153846153846154
2006,9,13,22,0.409090909090909
2007,12,7,19,0.631578947368421
2008,18,7,25,0.72
2009,50,10,60,0.833333333333333
2010,57,16,73,0.780821917808219
