"year","nPos","nNeg","nTotal","propPos"
2004,0,29,29,0
2007,5,9,14,0.357142857142857
2008,10,4,14,0.714285714285714
2009,21,4,25,0.84
2010,34,4,38,0.894736842105263
