"year","nPos","nNeg","nTotal","propPos"
2004,0,21,21,0
2005,0,17,17,0
2007,4,32,36,0.111111111111111
2008,3,11,14,0.214285714285714
2009,21,38,59,0.35593220338983
2010,7,2,9,0.777777777777778
