"year","nPos","nNeg","nTotal","propPos"
2004,0,38,38,0
2005,0,38,38,0
2006,2,19,21,0.0952380952380952
2007,7,12,19,0.368421052631579
2008,1,43,44,0.0227272727272727
2009,10,27,37,0.27027027027027
2010,15,40,55,0.272727272727273
