"year","nPos","nNeg","nTotal","propPos"
2004,0,67,67,0
2005,8,21,29,0.275862068965517
2006,36,42,78,0.461538461538462
2007,42,13,55,0.763636363636364
2008,27,21,48,0.5625
2009,44,17,61,0.721311475409836
2010,56,40,96,0.583333333333333
