"year","nPos","nNeg","nTotal","propPos"
2004,0,108,108,0
2005,0,175,175,0
2006,6,17,23,0.260869565217391
2007,5,81,86,0.0581395348837209
2008,14,41,55,0.254545454545455
2009,31,50,81,0.382716049382716
2010,49,46,95,0.515789473684211
