"year","nPos","nNeg","nTotal","propPos"
2004,1,66,67,0.0149253731343284
2005,9,20,29,0.310344827586207
2006,30,48,78,0.384615384615385
2007,40,15,55,0.727272727272727
2008,30,18,48,0.625
2009,45,16,61,0.737704918032787
2010,66,30,96,0.6875
