"year","nPos","nNeg","nTotal","propPos"
2004,0,45,45,0
2005,1,12,13,0.0769230769230769
2006,10,12,22,0.454545454545455
2007,13,6,19,0.68421052631579
2008,19,6,25,0.76
2009,50,10,60,0.833333333333333
2010,57,16,73,0.780821917808219
