"year","nPos","nNeg","nTotal","propPos"
2004,0,38,38,0
2005,0,38,38,0
2006,3,18,21,0.142857142857143
2007,10,9,19,0.526315789473684
2008,9,35,44,0.204545454545455
2009,15,22,37,0.405405405405405
2010,22,33,55,0.4
