"year","nPos","nNeg","nTotal","propPos"
2004,0,20,20,0
2008,10,43,53,0.188679245283019
2010,25,38,63,0.396825396825397
