"year","nPos","nNeg","nTotal","propPos"
2004,0,44,44,0
2008,10,17,27,0.37037037037037
2010,28,20,48,0.583333333333333
