"year","nPos","nNeg","nTotal","propPos"
2004,0,108,108,0
2005,0,175,175,0
2006,16,7,23,0.695652173913043
2007,19,67,86,0.22093023255814
2008,31,24,55,0.563636363636364
2009,57,24,81,0.703703703703704
2010,68,27,95,0.71578947368421
