"year","nPos","nNeg","nTotal","propPos"
2004,0,27,27,0
2005,0,41,41,0
2007,16,5,21,0.761904761904762
2008,13,29,42,0.30952380952381
2009,7,2,9,0.777777777777778
2010,13,23,36,0.361111111111111
