"year","nPos","nNeg","nTotal","propPos"
2004,0,40,40,0
2005,0,38,38,0
2006,0,39,39,0
2008,11,10,21,0.523809523809524
2009,0,7,7,0
2010,27,31,58,0.46551724137931
