"year","nPos","nNeg","nTotal","propPos"
2004,0,21,21,0
2005,0,17,17,0
2007,19,17,36,0.527777777777778
2008,12,2,14,0.857142857142857
2009,33,26,59,0.559322033898305
2010,7,2,9,0.777777777777778
