"year","nPos","nNeg","nTotal","propPos"
2004,0,29,29,0
2007,12,2,14,0.857142857142857
2008,10,4,14,0.714285714285714
2009,20,5,25,0.8
2010,31,7,38,0.81578947368421
