"year","nPos","nNeg","nTotal","propPos"
2004,0,20,20,0
2005,0,31,31,0
2007,1,1,2,0.5
2008,3,28,31,0.0967741935483871
2009,3,40,43,0.0697674418604651
2010,11,29,40,0.275
