"year","nPos","nNeg","nTotal","propPos"
2004,0,21,21,0
2005,0,17,17,0
2007,2,34,36,0.0555555555555556
2008,0,14,14,0
2009,16,43,59,0.271186440677966
2010,4,5,9,0.444444444444444
