"year","nPos","nNeg","nTotal","propPos"
2004,0,45,45,0
2005,2,11,13,0.153846153846154
2006,0,22,22,0
2007,0,19,19,0
2008,6,19,25,0.24
2009,20,40,60,0.333333333333333
2010,25,48,73,0.342465753424658
