"year","nPos","nNeg","nTotal","propPos"
2004,0,108,108,0
2005,0,175,175,0
2006,0,23,23,0
2007,0,86,86,0
2008,0,55,55,0
2009,9,72,81,0.111111111111111
2010,18,77,95,0.189473684210526
