"year","nPos","nNeg","nTotal","propPos"
2004,0,21,21,0
2005,0,17,17,0
2007,22,14,36,0.611111111111111
2008,10,4,14,0.714285714285714
2009,31,28,59,0.525423728813559
2010,8,1,9,0.888888888888889
