"year","nPos","nNeg","nTotal","propPos"
2004,0,27,27,0
2005,0,41,41,0
2007,17,4,21,0.80952380952381
2008,14,28,42,0.333333333333333
2009,8,1,9,0.888888888888889
2010,17,19,36,0.472222222222222
