"year","nPos","nNeg","nTotal","propPos"
2004,0,38,38,0
2005,0,38,38,0
2006,1,20,21,0.0476190476190476
2007,7,12,19,0.368421052631579
2008,12,32,44,0.272727272727273
2009,19,18,37,0.513513513513513
2010,30,25,55,0.545454545454545
