"year","nPos","nNeg","nTotal","propPos"
2004,0,45,45,0
2005,1,12,13,0.0769230769230769
2006,8,14,22,0.363636363636364
2007,13,6,19,0.68421052631579
2008,20,5,25,0.8
2009,54,6,60,0.9
2010,66,7,73,0.904109589041096
