"year","nPos","nNeg","nTotal","propPos"
2004,0,67,67,0
2005,7,22,29,0.241379310344828
2006,26,52,78,0.333333333333333
2007,38,17,55,0.690909090909091
2008,31,17,48,0.645833333333333
2009,43,18,61,0.704918032786885
2010,68,28,96,0.708333333333333
