"year","nPos","nNeg","nTotal","propPos"
2004,0,29,29,0
2007,12,2,14,0.857142857142857
2008,12,2,14,0.857142857142857
2009,16,9,25,0.64
2010,29,9,38,0.763157894736842
