"year","nPos","nNeg","nTotal","propPos"
2004,0,44,44,0
2008,9,18,27,0.333333333333333
2010,25,23,48,0.520833333333333
