"year","nPos","nNeg","nTotal","propPos"
2004,0,108,108,0
2005,1,174,175,0.00571428571428571
2006,13,10,23,0.565217391304348
2007,28,58,86,0.325581395348837
2008,36,19,55,0.654545454545455
2009,54,27,81,0.666666666666667
2010,65,30,95,0.68421052631579
