"year","nPos","nNeg","nTotal","propPos"
2004,0,20,20,0
2005,0,31,31,0
2007,2,0,2,1
2008,6,25,31,0.193548387096774
2009,3,40,43,0.0697674418604651
2010,9,31,40,0.225
