"year","nPos","nNeg","nTotal","propPos"
2004,0,108,108,0
2005,0,175,175,0
2006,0,23,23,0
2007,1,85,86,0.0116279069767442
2008,0,55,55,0
2009,10,71,81,0.123456790123457
2010,23,72,95,0.242105263157895
