"year","nPos","nNeg","nTotal","propPos"
2004,0,67,67,0
2005,2,27,29,0.0689655172413793
2006,3,75,78,0.0384615384615385
2007,3,52,55,0.0545454545454545
2008,0,48,48,0
2009,7,54,61,0.114754098360656
2010,15,81,96,0.15625
