"year","nPos","nNeg","nTotal","propPos"
2004,0,45,45,0
2005,2,11,13,0.153846153846154
2006,0,22,22,0
2007,1,18,19,0.0526315789473684
2008,10,15,25,0.4
2009,17,43,60,0.283333333333333
2010,34,39,73,0.465753424657534
