"year","nPos","nNeg","nTotal","propPos"
2004,0,108,108,0
2005,0,175,175,0
2006,13,10,23,0.565217391304348
2007,21,65,86,0.244186046511628
2008,36,19,55,0.654545454545455
2009,52,29,81,0.641975308641975
2010,73,22,95,0.768421052631579
