"year","nPos","nNeg","nTotal","propPos"
2004,0,20,20,0
2005,0,31,31,0
2007,2,0,2,1
2008,3,28,31,0.0967741935483871
2009,6,37,43,0.13953488372093
2010,9,31,40,0.225
