"year","nPos","nNeg","nTotal","propPos"
2004,0,45,45,0
2005,1,12,13,0.0769230769230769
2006,10,12,22,0.454545454545455
2007,15,4,19,0.789473684210526
2008,16,9,25,0.64
2009,46,14,60,0.766666666666667
2010,59,14,73,0.808219178082192
