"year","nPos","nNeg","nTotal","propPos"
2004,0,29,29,0
2007,12,2,14,0.857142857142857
2008,13,1,14,0.928571428571429
2009,18,7,25,0.72
2010,34,4,38,0.894736842105263
