"year","nPos","nNeg","nTotal","propPos"
2004,0,67,67,0
2005,10,19,29,0.344827586206897
2006,41,37,78,0.525641025641026
2007,36,19,55,0.654545454545455
2008,30,18,48,0.625
2009,48,13,61,0.786885245901639
2010,69,27,96,0.71875
