"year","nPos","nNeg","nTotal","propPos"
2004,0,44,44,0
2008,6,21,27,0.222222222222222
2010,22,26,48,0.458333333333333
