"year","nPos","nNeg","nTotal","propPos"
2004,0,21,21,0
2005,0,17,17,0
2007,21,15,36,0.583333333333333
2008,14,0,14,1
2009,28,31,59,0.474576271186441
2010,7,2,9,0.777777777777778
