"year","nPos","nNeg","nTotal","propPos"
2004,0,27,27,0
2005,0,41,41,0
2007,19,2,21,0.904761904761905
2008,13,29,42,0.30952380952381
2009,6,3,9,0.666666666666667
2010,13,23,36,0.361111111111111
