"year","nPos","nNeg","nTotal","propPos"
2004,0,38,38,0
2005,0,38,38,0
2006,2,19,21,0.0952380952380952
2007,12,7,19,0.631578947368421
2008,13,31,44,0.295454545454545
2009,17,20,37,0.45945945945946
2010,24,31,55,0.436363636363636
