"year","nPos","nNeg","nTotal","propPos"
2004,0,67,67,0
2005,6,23,29,0.206896551724138
2006,13,65,78,0.166666666666667
2007,20,35,55,0.363636363636364
2008,21,27,48,0.4375
2009,43,18,61,0.704918032786885
2010,57,39,96,0.59375
