"year","nPos","nNeg","nTotal","propPos"
2004,0,108,108,0
2005,0,175,175,0
2006,0,23,23,0
2007,0,86,86,0
2008,1,54,55,0.0181818181818182
2009,12,69,81,0.148148148148148
2010,35,60,95,0.368421052631579
