"year","nPos","nNeg","nTotal","propPos"
2004,0,45,45,0
2005,2,11,13,0.153846153846154
2006,1,21,22,0.0454545454545455
2007,7,12,19,0.368421052631579
2008,15,10,25,0.6
2009,36,24,60,0.6
2010,53,20,73,0.726027397260274
