"year","nPos","nNeg","nTotal","propPos"
2004,0,21,21,0
2005,0,17,17,0
2007,0,36,36,0
2008,0,14,14,0
2009,6,53,59,0.101694915254237
2010,5,4,9,0.555555555555556
