"year","nPos","nNeg","nTotal","propPos"
2004,0,38,38,0
2005,0,38,38,0
2006,1,20,21,0.0476190476190476
2007,5,14,19,0.263157894736842
2008,0,44,44,0
2009,5,32,37,0.135135135135135
2010,5,50,55,0.0909090909090909
