"year","nPos","nNeg","nTotal","propPos"
2004,0,108,108,0
2005,0,175,175,0
2006,0,23,23,0
2007,0,86,86,0
2008,3,52,55,0.0545454545454545
2009,18,63,81,0.222222222222222
2010,41,54,95,0.431578947368421
