"year","nPos","nNeg","nTotal","propPos"
2004,0,45,45,0
2005,2,11,13,0.153846153846154
2006,1,21,22,0.0454545454545455
2007,6,13,19,0.31578947368421
2008,16,9,25,0.64
2009,30,30,60,0.5
2010,58,15,73,0.794520547945205
