"year","nPos","nNeg","nTotal","propPos"
2004,0,67,67,0
2005,8,21,29,0.275862068965517
2006,19,59,78,0.243589743589744
2007,31,24,55,0.563636363636364
2008,28,20,48,0.583333333333333
2009,42,19,61,0.688524590163934
2010,56,40,96,0.583333333333333
