"year","nPos","nNeg","nTotal","propPos"
2004,0,20,20,0
2005,0,31,31,0
2007,0,2,2,0
2008,3,28,31,0.0967741935483871
2009,5,38,43,0.116279069767442
2010,12,28,40,0.3
