"year","nPos","nNeg","nTotal","propPos"
2004,0,29,29,0
2007,12,2,14,0.857142857142857
2008,11,3,14,0.785714285714286
2009,22,3,25,0.88
2010,35,3,38,0.921052631578947
