"year","nPos","nNeg","nTotal","propPos"
2004,0,40,40,0
2005,0,38,38,0
2006,0,39,39,0
2008,10,11,21,0.476190476190476
2009,0,7,7,0
2010,24,34,58,0.413793103448276
