"year","nPos","nNeg","nTotal","propPos"
2004,0,27,27,0
2005,0,41,41,0
2007,16,5,21,0.761904761904762
2008,15,27,42,0.357142857142857
2009,7,2,9,0.777777777777778
2010,15,21,36,0.416666666666667
