"year","nPos","nNeg","nTotal","propPos"
2004,0,20,20,0
2008,2,51,53,0.0377358490566038
2010,11,52,63,0.174603174603175
