"year","nPos","nNeg","nTotal","propPos"
2004,1,66,67,0.0149253731343284
2005,7,22,29,0.241379310344828
2006,32,46,78,0.41025641025641
2007,40,15,55,0.727272727272727
2008,31,17,48,0.645833333333333
2009,49,12,61,0.80327868852459
2010,75,21,96,0.78125
