"year","nPos","nNeg","nTotal","propPos"
2004,0,21,21,0
2005,6,11,17,0.352941176470588
2007,22,14,36,0.611111111111111
2008,12,2,14,0.857142857142857
2009,35,24,59,0.593220338983051
2010,9,0,9,1
