"year","nPos","nNeg","nTotal","propPos"
2004,0,35,35,0
2006,0,40,40,0
2008,1,10,11,0.0909090909090909
2010,2,1,3,0.666666666666667
