"year","nPos","nNeg","nTotal","propPos"
2004,0,38,38,0
2005,0,38,38,0
2006,4,17,21,0.19047619047619
2007,12,7,19,0.631578947368421
2008,11,33,44,0.25
2009,20,17,37,0.540540540540541
2010,28,27,55,0.509090909090909
