"year","nPos","nNeg","nTotal","propPos"
2004,0,108,108,0
2005,24,151,175,0.137142857142857
2006,19,4,23,0.826086956521739
2007,35,51,86,0.406976744186047
2008,37,18,55,0.672727272727273
2009,52,29,81,0.641975308641975
2010,65,30,95,0.68421052631579
