"year","nPos","nNeg","nTotal","propPos"
2004,1,44,45,0.0222222222222222
2005,0,13,13,0
2006,17,5,22,0.772727272727273
2007,14,5,19,0.736842105263158
2008,24,1,25,0.96
2009,53,7,60,0.883333333333333
2010,63,10,73,0.863013698630137
