"year","nPos","nNeg","nTotal","propPos"
2004,0,21,21,0
2005,0,17,17,0
2007,0,36,36,0
2008,1,13,14,0.0714285714285714
2009,18,41,59,0.305084745762712
2010,5,4,9,0.555555555555556
