"year","nPos","nNeg","nTotal","propPos"
2004,0,67,67,0
2005,2,27,29,0.0689655172413793
2006,1,77,78,0.0128205128205128
2007,2,53,55,0.0363636363636364
2008,1,47,48,0.0208333333333333
2009,4,57,61,0.0655737704918033
2010,10,86,96,0.104166666666667
