"year","nPos","nNeg","nTotal","propPos"
2004,0,108,108,0
2005,3,172,175,0.0171428571428571
2006,13,10,23,0.565217391304348
2007,11,75,86,0.127906976744186
2008,22,33,55,0.4
2009,41,40,81,0.506172839506173
2010,58,37,95,0.610526315789474
