"year","nPos","nNeg","nTotal","propPos"
2004,0,45,45,0
2005,1,12,13,0.0769230769230769
2006,9,13,22,0.409090909090909
2007,9,10,19,0.473684210526316
2008,21,4,25,0.84
2009,46,14,60,0.766666666666667
2010,63,10,73,0.863013698630137
