"year","nPos","nNeg","nTotal","propPos"
2004,0,67,67,0
2005,8,21,29,0.275862068965517
2006,19,59,78,0.243589743589744
2007,31,24,55,0.563636363636364
2008,27,21,48,0.5625
2009,41,20,61,0.672131147540984
2010,57,39,96,0.59375
