"year","nPos","nNeg","nTotal","propPos"
2004,0,27,27,0
2005,0,41,41,0
2007,0,21,21,0
2008,2,40,42,0.0476190476190476
2009,8,1,9,0.888888888888889
2010,10,26,36,0.277777777777778
