"year","nPos","nNeg","nTotal","propPos"
2004,0,21,21,0
2005,0,17,17,0
2007,19,17,36,0.527777777777778
2008,11,3,14,0.785714285714286
2009,24,35,59,0.406779661016949
2010,6,3,9,0.666666666666667
