"year","nPos","nNeg","nTotal","propPos"
2004,0,21,21,0
2005,0,17,17,0
2007,0,36,36,0
2008,0,14,14,0
2009,16,43,59,0.271186440677966
2010,3,6,9,0.333333333333333
