"year","nPos","nNeg","nTotal","propPos"
2004,0,108,108,0
2005,0,175,175,0
2006,0,23,23,0
2007,1,85,86,0.0116279069767442
2008,2,53,55,0.0363636363636364
2009,13,68,81,0.160493827160494
2010,29,66,95,0.305263157894737
