"year","nPos","nNeg","nTotal","propPos"
2004,0,45,45,0
2005,1,12,13,0.0769230769230769
2006,0,22,22,0
2007,0,19,19,0
2008,10,15,25,0.4
2009,25,35,60,0.416666666666667
2010,32,41,73,0.438356164383562
