"year","nPos","nNeg","nTotal","propPos"
2004,0,67,67,0
2005,2,27,29,0.0689655172413793
2006,3,75,78,0.0384615384615385
2007,4,51,55,0.0727272727272727
2008,3,45,48,0.0625
2009,4,57,61,0.0655737704918033
2010,16,80,96,0.166666666666667
