"year","nPos","nNeg","nTotal","propPos"
2004,0,29,29,0
2007,1,13,14,0.0714285714285714
2008,2,12,14,0.142857142857143
2009,11,14,25,0.44
2010,22,16,38,0.578947368421053
