"year","nPos","nNeg","nTotal","propPos"
2004,0,29,29,0
2007,9,5,14,0.642857142857143
2008,9,5,14,0.642857142857143
2009,23,2,25,0.92
2010,34,4,38,0.894736842105263
