"year","nPos","nNeg","nTotal","propPos"
2004,0,40,40,0
2005,0,38,38,0
2006,0,39,39,0
2008,9,12,21,0.428571428571429
2009,0,7,7,0
2010,15,43,58,0.258620689655172
