"year","nPos","nNeg","nTotal","propPos"
2004,0,38,38,0
2005,0,38,38,0
2006,2,19,21,0.0952380952380952
2007,10,9,19,0.526315789473684
2008,5,39,44,0.113636363636364
2009,20,17,37,0.540540540540541
2010,29,26,55,0.527272727272727
