"year","nPos","nNeg","nTotal","propPos"
2004,0,45,45,0
2005,2,11,13,0.153846153846154
2006,15,7,22,0.681818181818182
2007,13,6,19,0.68421052631579
2008,17,8,25,0.68
2009,54,6,60,0.9
2010,54,19,73,0.73972602739726
