"year","nPos","nNeg","nTotal","propPos"
2004,0,20,20,0
2005,0,31,31,0
2007,2,0,2,1
2008,5,26,31,0.161290322580645
2009,5,38,43,0.116279069767442
2010,11,29,40,0.275
