"year","nPos","nNeg","nTotal","propPos"
2004,0,108,108,0
2005,1,174,175,0.00571428571428571
2006,14,9,23,0.608695652173913
2007,22,64,86,0.255813953488372
2008,33,22,55,0.6
2009,52,29,81,0.641975308641975
2010,72,23,95,0.757894736842105
