"year","nPos","nNeg","nTotal","propPos"
2004,1,66,67,0.0149253731343284
2005,9,20,29,0.310344827586207
2006,25,53,78,0.320512820512821
2007,39,16,55,0.709090909090909
2008,34,14,48,0.708333333333333
2009,39,22,61,0.639344262295082
2010,73,23,96,0.760416666666667
