"year","nPos","nNeg","nTotal","propPos"
2004,0,27,27,0
2005,0,41,41,0
2007,17,4,21,0.80952380952381
2008,13,29,42,0.30952380952381
2009,7,2,9,0.777777777777778
2010,17,19,36,0.472222222222222
