"year","nPos","nNeg","nTotal","propPos"
2004,0,38,38,0
2005,0,38,38,0
2006,0,21,21,0
2007,4,15,19,0.210526315789474
2008,1,43,44,0.0227272727272727
2009,4,33,37,0.108108108108108
2010,4,51,55,0.0727272727272727
