"year","nPos","nNeg","nTotal","propPos"
2004,0,45,45,0
2005,1,12,13,0.0769230769230769
2006,2,20,22,0.0909090909090909
2007,8,11,19,0.421052631578947
2008,17,8,25,0.68
2009,44,16,60,0.733333333333333
2010,58,15,73,0.794520547945205
