"year","nPos","nNeg","nTotal","propPos"
2004,1,66,67,0.0149253731343284
2005,8,21,29,0.275862068965517
2006,24,54,78,0.307692307692308
2007,39,16,55,0.709090909090909
2008,25,23,48,0.520833333333333
2009,40,21,61,0.655737704918033
2010,53,43,96,0.552083333333333
