"year","nPos","nNeg","nTotal","propPos"
2004,0,29,29,0
2007,12,2,14,0.857142857142857
2008,7,7,14,0.5
2009,23,2,25,0.92
2010,33,5,38,0.868421052631579
