"year","nPos","nNeg","nTotal","propPos"
2004,1,66,67,0.0149253731343284
2005,7,22,29,0.241379310344828
2006,33,45,78,0.423076923076923
2007,42,13,55,0.763636363636364
2008,28,20,48,0.583333333333333
2009,51,10,61,0.836065573770492
2010,65,31,96,0.677083333333333
