"year","nPos","nNeg","nTotal","propPos"
2004,0,21,21,0
2005,0,17,17,0
2007,18,18,36,0.5
2008,13,1,14,0.928571428571429
2009,33,26,59,0.559322033898305
2010,7,2,9,0.777777777777778
