"year","nPos","nNeg","nTotal","propPos"
2004,0,44,44,0
2008,8,19,27,0.296296296296296
2010,25,23,48,0.520833333333333
