"year","nPos","nNeg","nTotal","propPos"
2004,0,38,38,0
2005,1,37,38,0.0263157894736842
2006,3,18,21,0.142857142857143
2007,10,9,19,0.526315789473684
2008,12,32,44,0.272727272727273
2009,18,19,37,0.486486486486487
2010,26,29,55,0.472727272727273
