"year","nPos","nNeg","nTotal","propPos"
2004,1,44,45,0.0222222222222222
2005,1,12,13,0.0769230769230769
2006,15,7,22,0.681818181818182
2007,12,7,19,0.631578947368421
2008,17,8,25,0.68
2009,48,12,60,0.8
2010,60,13,73,0.821917808219178
