"year","nPos","nNeg","nTotal","propPos"
2004,0,108,108,0
2005,0,175,175,0
2006,12,11,23,0.521739130434783
2007,19,67,86,0.22093023255814
2008,30,25,55,0.545454545454545
2009,51,30,81,0.62962962962963
2010,67,28,95,0.705263157894737
