"year","nPos","nNeg","nTotal","propPos"
2004,0,27,27,0
2005,0,41,41,0
2007,18,3,21,0.857142857142857
2008,16,26,42,0.380952380952381
2009,8,1,9,0.888888888888889
2010,15,21,36,0.416666666666667
