"year","nPos","nNeg","nTotal","propPos"
2004,0,45,45,0
2005,0,13,13,0
2006,0,22,22,0
2007,1,18,19,0.0526315789473684
2008,10,15,25,0.4
2009,25,35,60,0.416666666666667
2010,34,39,73,0.465753424657534
