"year","nPos","nNeg","nTotal","propPos"
2004,0,29,29,0
2007,0,14,14,0
2008,1,13,14,0.0714285714285714
2009,8,17,25,0.32
2010,21,17,38,0.552631578947368
