"year","nPos","nNeg","nTotal","propPos"
2004,0,27,27,0
2005,0,41,41,0
2007,0,21,21,0
2008,0,42,42,0
2009,2,7,9,0.222222222222222
2010,6,30,36,0.166666666666667
