"year","nPos","nNeg","nTotal","propPos"
2004,0,108,108,0
2005,0,175,175,0
2006,0,23,23,0
2007,0,86,86,0
2008,2,53,55,0.0363636363636364
2009,12,69,81,0.148148148148148
2010,31,64,95,0.326315789473684
