"year","nPos","nNeg","nTotal","propPos"
2004,0,67,67,0
2005,2,27,29,0.0689655172413793
2006,2,76,78,0.0256410256410256
2007,6,49,55,0.109090909090909
2008,0,48,48,0
2009,10,51,61,0.163934426229508
2010,17,79,96,0.177083333333333
