"year","nPos","nNeg","nTotal","propPos"
2004,0,45,45,0
2005,2,11,13,0.153846153846154
2006,10,12,22,0.454545454545455
2007,14,5,19,0.736842105263158
2008,16,9,25,0.64
2009,49,11,60,0.816666666666667
2010,58,15,73,0.794520547945205
