"year","nPos","nNeg","nTotal","propPos"
2004,0,29,29,0
2007,12,2,14,0.857142857142857
2008,12,2,14,0.857142857142857
2009,21,4,25,0.84
2010,27,11,38,0.710526315789474
