"year","nPos","nNeg","nTotal","propPos"
2004,0,21,21,0
2005,0,17,17,0
2007,11,25,36,0.305555555555556
2008,6,8,14,0.428571428571429
2009,24,35,59,0.406779661016949
2010,7,2,9,0.777777777777778
