"year","nPos","nNeg","nTotal","propPos"
2004,0,108,108,0
2005,0,175,175,0
2006,10,13,23,0.434782608695652
2007,10,76,86,0.116279069767442
2008,13,42,55,0.236363636363636
2009,30,51,81,0.37037037037037
2010,46,49,95,0.48421052631579
