"year","nPos","nNeg","nTotal","propPos"
2004,0,38,38,0
2005,0,38,38,0
2006,0,21,21,0
2007,4,15,19,0.210526315789474
2008,0,44,44,0
2009,5,32,37,0.135135135135135
2010,11,44,55,0.2
