"year","nPos","nNeg","nTotal","propPos"
2004,0,27,27,0
2005,0,41,41,0
2007,0,21,21,0
2008,1,41,42,0.0238095238095238
2009,5,4,9,0.555555555555556
2010,11,25,36,0.305555555555556
