"year","nPos","nNeg","nTotal","propPos"
2004,0,67,67,0
2005,9,20,29,0.310344827586207
2006,22,56,78,0.282051282051282
2007,34,21,55,0.618181818181818
2008,30,18,48,0.625
2009,43,18,61,0.704918032786885
2010,50,46,96,0.520833333333333
