"year","nPos","nNeg","nTotal","propPos"
2004,0,21,21,0
2005,0,17,17,0
2007,3,33,36,0.0833333333333333
2008,1,13,14,0.0714285714285714
2009,16,43,59,0.271186440677966
2010,5,4,9,0.555555555555556
