"year","nPos","nNeg","nTotal","propPos"
2004,0,45,45,0
2005,2,11,13,0.153846153846154
2006,0,22,22,0
2007,0,19,19,0
2008,4,21,25,0.16
2009,20,40,60,0.333333333333333
2010,26,47,73,0.356164383561644
