"year","nPos","nNeg","nTotal","propPos"
2004,0,67,67,0
2005,1,28,29,0.0344827586206897
2006,4,74,78,0.0512820512820513
2007,2,53,55,0.0363636363636364
2008,1,47,48,0.0208333333333333
2009,8,53,61,0.131147540983607
2010,8,88,96,0.0833333333333333
