"year","nPos","nNeg","nTotal","propPos"
2004,0,108,108,0
2005,0,175,175,0
2006,0,23,23,0
2007,0,86,86,0
2008,0,55,55,0
2009,1,80,81,0.0123456790123457
2010,11,84,95,0.115789473684211
