"year","nPos","nNeg","nTotal","propPos"
2004,0,67,67,0
2005,2,27,29,0.0689655172413793
2006,0,78,78,0
2007,1,54,55,0.0181818181818182
2008,1,47,48,0.0208333333333333
2009,5,56,61,0.0819672131147541
2010,6,90,96,0.0625
