"year","nPos","nNeg","nTotal","propPos"
2004,0,45,45,0
2005,0,13,13,0
2006,0,22,22,0
2007,1,18,19,0.0526315789473684
2008,2,23,25,0.08
2009,13,47,60,0.216666666666667
2010,25,48,73,0.342465753424658
