"year","nPos","nNeg","nTotal","propPos"
2004,0,19,19,0
2005,0,5,5,0
2006,0,17,17,0
2008,1,10,11,0.0909090909090909
2010,8,19,27,0.296296296296296
