"year","nPos","nNeg","nTotal","propPos"
2004,0,20,20,0
2005,0,31,31,0
2007,2,0,2,1
2008,5,26,31,0.161290322580645
2009,4,39,43,0.0930232558139535
2010,12,28,40,0.3
