"year","nPos","nNeg","nTotal","propPos"
2004,0,40,40,0
2005,0,38,38,0
2006,0,39,39,0
2008,8,13,21,0.380952380952381
2009,0,7,7,0
2010,22,36,58,0.379310344827586
