"year","nPos","nNeg","nTotal","propPos"
2004,0,38,38,0
2005,0,38,38,0
2006,3,18,21,0.142857142857143
2007,9,10,19,0.473684210526316
2008,10,34,44,0.227272727272727
2009,19,18,37,0.513513513513513
2010,27,28,55,0.490909090909091
