"year","nPos","nNeg","nTotal","propPos"
2004,0,108,108,0
2005,4,171,175,0.0228571428571429
2006,16,7,23,0.695652173913043
2007,27,59,86,0.313953488372093
2008,39,16,55,0.709090909090909
2009,51,30,81,0.62962962962963
2010,72,23,95,0.757894736842105
