"year","nPos","nNeg","nTotal","propPos"
2004,0,44,44,0
2008,12,15,27,0.444444444444444
2010,26,22,48,0.541666666666667
