"year","nPos","nNeg","nTotal","propPos"
2004,0,45,45,0
2005,2,11,13,0.153846153846154
2006,15,7,22,0.681818181818182
2007,12,7,19,0.631578947368421
2008,20,5,25,0.8
2009,48,12,60,0.8
2010,56,17,73,0.767123287671233
