"year","nPos","nNeg","nTotal","propPos"
2004,0,20,20,0
2008,1,52,53,0.0188679245283019
2010,7,56,63,0.111111111111111
