"year","nPos","nNeg","nTotal","propPos"
2004,0,27,27,0
2005,0,41,41,0
2007,17,4,21,0.80952380952381
2008,12,30,42,0.285714285714286
2009,7,2,9,0.777777777777778
2010,18,18,36,0.5
