"year","nPos","nNeg","nTotal","propPos"
2004,0,29,29,0
2007,13,1,14,0.928571428571429
2008,11,3,14,0.785714285714286
2009,21,4,25,0.84
2010,34,4,38,0.894736842105263
