"year","nPos","nNeg","nTotal","propPos"
2004,0,21,21,0
2005,0,17,17,0
2007,15,21,36,0.416666666666667
2008,11,3,14,0.785714285714286
2009,32,27,59,0.542372881355932
2010,7,2,9,0.777777777777778
