"year","nPos","nNeg","nTotal","propPos"
2004,0,67,67,0
2005,6,23,29,0.206896551724138
2006,30,48,78,0.384615384615385
2007,37,18,55,0.672727272727273
2008,33,15,48,0.6875
2009,45,16,61,0.737704918032787
2010,73,23,96,0.760416666666667
