"year","nPos","nNeg","nTotal","propPos"
2004,0,45,45,0
2005,2,11,13,0.153846153846154
2006,5,17,22,0.227272727272727
2007,11,8,19,0.578947368421053
2008,20,5,25,0.8
2009,48,12,60,0.8
2010,62,11,73,0.849315068493151
