"year","nPos","nNeg","nTotal","propPos"
2004,0,108,108,0
2005,0,175,175,0
2006,4,19,23,0.173913043478261
2007,8,78,86,0.0930232558139535
2008,11,44,55,0.2
2009,25,56,81,0.308641975308642
2010,45,50,95,0.473684210526316
