"year","nPos","nNeg","nTotal","propPos"
2004,0,38,38,0
2005,0,38,38,0
2006,0,21,21,0
2007,3,16,19,0.157894736842105
2008,2,42,44,0.0454545454545455
2009,7,30,37,0.189189189189189
2010,9,46,55,0.163636363636364
