"year","nPos","nNeg","nTotal","propPos"
2004,0,21,21,0
2005,0,17,17,0
2007,0,36,36,0
2008,2,12,14,0.142857142857143
2009,18,41,59,0.305084745762712
2010,7,2,9,0.777777777777778
