"year","nPos","nNeg","nTotal","propPos"
2004,1,66,67,0.0149253731343284
2005,7,22,29,0.241379310344828
2006,25,53,78,0.320512820512821
2007,41,14,55,0.745454545454545
2008,25,23,48,0.520833333333333
2009,46,15,61,0.754098360655738
2010,57,39,96,0.59375
