"year","nPos","nNeg","nTotal","propPos"
2004,0,29,29,0
2007,0,14,14,0
2008,4,10,14,0.285714285714286
2009,21,4,25,0.84
2010,33,5,38,0.868421052631579
