"year","nPos","nNeg","nTotal","propPos"
2004,0,108,108,0
2005,0,175,175,0
2006,0,23,23,0
2007,1,85,86,0.0116279069767442
2008,2,53,55,0.0363636363636364
2009,15,66,81,0.185185185185185
2010,22,73,95,0.231578947368421
