"year","nPos","nNeg","nTotal","propPos"
2004,0,21,21,0
2005,0,17,17,0
2007,1,35,36,0.0277777777777778
2008,0,14,14,0
2009,12,47,59,0.203389830508475
2010,4,5,9,0.444444444444444
