"year","nPos","nNeg","nTotal","propPos"
2004,0,45,45,0
2005,0,13,13,0
2006,0,22,22,0
2007,1,18,19,0.0526315789473684
2008,11,14,25,0.44
2009,22,38,60,0.366666666666667
2010,31,42,73,0.424657534246575
