"year","nPos","nNeg","nTotal","propPos"
2004,0,67,67,0
2005,1,28,29,0.0344827586206897
2006,2,76,78,0.0256410256410256
2007,4,51,55,0.0727272727272727
2008,0,48,48,0
2009,10,51,61,0.163934426229508
2010,19,77,96,0.197916666666667
