"year","nPos","nNeg","nTotal","propPos"
2004,0,27,27,0
2005,0,41,41,0
2007,0,21,21,0
2008,1,41,42,0.0238095238095238
2009,3,6,9,0.333333333333333
2010,10,26,36,0.277777777777778
