"year","nPos","nNeg","nTotal","propPos"
2004,0,38,38,0
2005,0,38,38,0
2006,0,21,21,0
2007,0,19,19,0
2008,0,44,44,0
2009,4,33,37,0.108108108108108
2010,7,48,55,0.127272727272727
