"year","nPos","nNeg","nTotal","propPos"
2004,0,67,67,0
2005,11,18,29,0.379310344827586
2006,27,51,78,0.346153846153846
2007,35,20,55,0.636363636363636
2008,25,23,48,0.520833333333333
2009,38,23,61,0.622950819672131
2010,54,42,96,0.5625
