"year","nPos","nNeg","nTotal","propPos"
2004,0,29,29,0
2007,0,14,14,0
2008,6,8,14,0.428571428571429
2009,19,6,25,0.76
2010,31,7,38,0.81578947368421
