"year","nPos","nNeg","nTotal","propPos"
2004,0,21,21,0
2005,0,17,17,0
2007,1,35,36,0.0277777777777778
2008,1,13,14,0.0714285714285714
2009,21,38,59,0.35593220338983
2010,8,1,9,0.888888888888889
