"year","nPos","nNeg","nTotal","propPos"
2004,0,108,108,0
2005,0,175,175,0
2006,2,21,23,0.0869565217391304
2007,8,78,86,0.0930232558139535
2008,8,47,55,0.145454545454545
2009,28,53,81,0.345679012345679
2010,49,46,95,0.515789473684211
