"year","nPos","nNeg","nTotal","propPos"
2004,0,67,67,0
2005,8,21,29,0.275862068965517
2006,27,51,78,0.346153846153846
2007,39,16,55,0.709090909090909
2008,29,19,48,0.604166666666667
2009,41,20,61,0.672131147540984
2010,70,26,96,0.729166666666667
