"year","nPos","nNeg","nTotal","propPos"
2004,0,29,29,0
2007,9,5,14,0.642857142857143
2008,11,3,14,0.785714285714286
2009,17,8,25,0.68
2010,34,4,38,0.894736842105263
