"year","nPos","nNeg","nTotal","propPos"
2004,0,108,108,0
2005,0,175,175,0
2006,13,10,23,0.565217391304348
2007,19,67,86,0.22093023255814
2008,36,19,55,0.654545454545455
2009,47,34,81,0.580246913580247
2010,65,30,95,0.68421052631579
