"year","nPos","nNeg","nTotal","propPos"
2004,0,21,21,0
2005,0,17,17,0
2007,19,17,36,0.527777777777778
2008,13,1,14,0.928571428571429
2009,29,30,59,0.491525423728814
2010,7,2,9,0.777777777777778
