"year","nPos","nNeg","nTotal","propPos"
2004,0,38,38,0
2005,0,38,38,0
2006,1,20,21,0.0476190476190476
2007,8,11,19,0.421052631578947
2008,9,35,44,0.204545454545455
2009,18,19,37,0.486486486486487
2010,24,31,55,0.436363636363636
