"year","nPos","nNeg","nTotal","propPos"
2004,0,27,27,0
2005,0,41,41,0
2007,13,8,21,0.619047619047619
2008,10,32,42,0.238095238095238
2009,7,2,9,0.777777777777778
2010,17,19,36,0.472222222222222
