"year","nPos","nNeg","nTotal","propPos"
2004,0,45,45,0
2005,1,12,13,0.0769230769230769
2006,10,12,22,0.454545454545455
2007,13,6,19,0.68421052631579
2008,20,5,25,0.8
2009,47,13,60,0.783333333333333
2010,59,14,73,0.808219178082192
