"year","nPos","nNeg","nTotal","propPos"
2004,0,45,45,0
2005,1,12,13,0.0769230769230769
2006,8,14,22,0.363636363636364
2007,11,8,19,0.578947368421053
2008,20,5,25,0.8
2009,47,13,60,0.783333333333333
2010,56,17,73,0.767123287671233
