"year","nPos","nNeg","nTotal","propPos"
2004,0,21,21,0
2005,0,17,17,0
2007,4,32,36,0.111111111111111
2008,5,9,14,0.357142857142857
2009,20,39,59,0.338983050847458
2010,6,3,9,0.666666666666667
