"year","nPos","nNeg","nTotal","propPos"
2004,0,67,67,0
2005,7,22,29,0.241379310344828
2006,16,62,78,0.205128205128205
2007,24,31,55,0.436363636363636
2008,24,24,48,0.5
2009,41,20,61,0.672131147540984
2010,53,43,96,0.552083333333333
