"year","nPos","nNeg","nTotal","propPos"
2004,0,29,29,0
2007,5,9,14,0.357142857142857
2008,12,2,14,0.857142857142857
2009,21,4,25,0.84
2010,32,6,38,0.842105263157895
