"year","nPos","nNeg","nTotal","propPos"
2004,0,38,38,0
2005,0,38,38,0
2006,0,21,21,0
2007,0,19,19,0
2008,0,44,44,0
2009,3,34,37,0.0810810810810811
2010,10,45,55,0.181818181818182
