"year","nPos","nNeg","nTotal","propPos"
2004,0,108,108,0
2005,0,175,175,0
2006,0,23,23,0
2007,6,80,86,0.0697674418604651
2008,15,40,55,0.272727272727273
2009,38,43,81,0.469135802469136
2010,50,45,95,0.526315789473684
