"year","nPos","nNeg","nTotal","propPos"
2004,3,64,67,0.0447761194029851
2005,7,22,29,0.241379310344828
2006,27,51,78,0.346153846153846
2007,36,19,55,0.654545454545455
2008,25,23,48,0.520833333333333
2009,35,26,61,0.573770491803279
2010,48,48,96,0.5
