"year","nPos","nNeg","nTotal","propPos"
2004,0,108,108,0
2005,0,175,175,0
2006,0,23,23,0
2007,6,80,86,0.0697674418604651
2008,6,49,55,0.109090909090909
2009,33,48,81,0.407407407407407
2010,45,50,95,0.473684210526316
