"year","nPos","nNeg","nTotal","propPos"
2004,0,38,38,0
2005,0,38,38,0
2006,2,19,21,0.0952380952380952
2007,7,12,19,0.368421052631579
2008,2,42,44,0.0454545454545455
2009,7,30,37,0.189189189189189
2010,7,48,55,0.127272727272727
