"year","nPos","nNeg","nTotal","propPos"
2004,0,45,45,0
2005,1,12,13,0.0769230769230769
2006,3,19,22,0.136363636363636
2007,8,11,19,0.421052631578947
2008,20,5,25,0.8
2009,55,5,60,0.916666666666667
2010,59,14,73,0.808219178082192
