"year","nPos","nNeg","nTotal","propPos"
2004,0,21,21,0
2005,0,17,17,0
2007,0,36,36,0
2008,6,8,14,0.428571428571429
2009,21,38,59,0.35593220338983
2010,6,3,9,0.666666666666667
